Country;State/Province;Name;OSMID;Code;Latitude;Longitude
;;;;;0;0
;;;;;0;0
Colombia;Caquetá;2km abajo quebrada las Doraditas;;;1,71083333333;-75,7088888889
French Guiana;Cayenne;6.8km towards Degrad Saramaka,;;36;5,082;-52,693
Peru;San Martín;6km to Michela Batista;;;-5,9442;-76,2445
;;Aberdeenshire;;;0;0
Panamá;Colón;Achiote Road,;;43;9,218;-79,979
Colombia;Cauca;Acueducto, Isla Gorgona;;;2,96426666667;-78,17695
Peru;Rioja;Afluente;;;-5,65464;-77,69375
Peru;Rioja;Afluente_gurania basse_325;;;-5,66023;-77,69575
Suriname;Brokopondo;Afobaka Resort, Brokopondo, Suriname;;;4,9878;-54,9887
Panamá;Colón;Aguas Claras, nr. Santa Rosa. Boundary of Soberania NP,;;44;9,1911;-79,7117
Peru;Rioja;Aguas verdes;;;-5,68156;-77,66219
Ecuador;Napo;Ahuano;;;-1,098333;-77,583889
Ecuador;Napo;Ahuano 1;;;-1,02978;-77,52612
Ecuador;Santo Domingo de los Tsachilas;Alluriquin;;45;-0,3197;-79,337
Colombia;Cauca Valley;Alto los Cedros,;;46;3,843;-76,551
Ecuador;Napo;Alto Tena;;;-0,94643;-77,86638
Colombia;Choco;Amargal 1;;;5,57187;-77,50211
Colombia;Choco;Amargal 2;;;5,56885;-77,50351
Colombia;Choco;Amargal Station;;;5,57339;-77,50175
Colombia;Cauca;Amargal, Aruzí;;;5,5716;-77,5017166667
;;Amazonas;;;0;0
Panamá;Darién;Anamar Lodge;;;7,51563;-78,16447
Ecuador;Orellana;Anangu Boca del Rio ECD OR;;230;-0,5287;-76,3948
Ecuador;Orellana;Anangu Rio ECD OR;;231;-0,525;-76,4167
;;Andalucia;;;0;0
Bolivia;Santa Cruz;Angostura;;312;-18,158333;-63,508611
;;Antananarivo Province;;;0;0
Peru;San Martín;Antena_B1;;;-6,45716;-76,29858
Peru;San Martín;Antena_B2;;;-6,45474;-76,29944
Peru;San Martín;Antena_chacra;;;-6,45401;-76,30023
Peru;San Martín;Antena_haut;;;-6,45148;-76,29774
Peru;San Martín;Antena_piña;;;-6,4519;-76,29846
Peru;San Martín;Antena_right;;;-6,4537;-76,29807
Ecuador;Pastaza;Antenas del Calvario;;255;-1,511616667;-77,9114
;;Antioquia;;;0;0
Madagascar;Antananarivo Province;Antsirabe;;;-19,854972;47,040882
Ecuador;Napo;Apuya Km2.7;;256;-1,115566667;-77,77833333
Ecuador;Napo;Apuya km4;;;-1,121102;-77,764613
;;Argentina;;;0;0
Colombia;Cauca Valley;Atuncela,;;48;3,7338;-76,6856
;;Australia;;;0;0
Suriname;Brokopondo;Babunhol, Brokopondo, Suriname;;;5,2276;-55,061
Ecuador;Napo;Baeza - Lago Agrio, Rio Salado;;;-0,19402;-77,70073
Ecuador;Napo;Baeza, in river by cementerio,;;49;-0,4629;-77,891
Ecuador;Napo;Baeza-Tena,;;50;-0,7816;-77,836
;;Bahia;;;0;0
Suriname;Sipaliwini;Bakhuis Main Road, Sipaliwini, Suriname;;;4,72;-56,81
Suriname;Sipaliwini;Bakhuis Trail 1, Sipaliwini, Suriname;;;4,751141;-56,780152
Suriname;Sipaliwini;Bakhuis Trail 3, Sipaliwini, Suriname;;;4,75;-56,78
Suriname;Sipaliwini;Bakhuis-Nickerie Rd, Sipaliwini, Suriname;;;4,72;-56,81
Ecuador;El Oro;Balsas;;;-3,726389;-79,836667
Peru;San Martín;Barranquita (7km);;;-6,2897;-76,2289
Suriname;Brokopondo;Bergendal, Brokopondo, Suriname;;;5,1377;-55,0745
French Guiana;Cayenne;between Kourou and Sinnamary, a small side road running towards the space station;;51;5,2379;-52,976
Ecuador;Manabi;Bilsa Biological Station;;;0,34677;-79,71141
;;Bocas del Toro;;;0;0
;;Bolivia;;;0;0
Peru;San Martín;Bonilla;;;-6,2179;-76,2731
Colombia;Cundinamarca;Boqueron;;247;4,25;-74,55
Colombia;Tolima;Boqueron_2;;;4,263463;-74,551939
Colombia;Meta;Bosque Bavaria;;;4,1789;-73,6494
Ecuador;Esmeraldas;Bosque Protector La Perla,;;52;1,0333;-79,0333
;;Boyacá;;;0;0
;;Brazil;;;0;0
;;Brokopondo;;;0;0
Suriname;Brokopondo;Brokopondo Cemetery, Brokopondo, Suriname;;;5,0244;-54,9948
Suriname;Brokopondo;Brokopondo Road East 2;;;5,113892;-54,990106
Suriname;Brokopondo;Brokopondo Road East, Brokopondo, Suriname;;;5,0818333;-54,9791
Suriname;Brokopondo;Brownsberg;;;4,946898;-55,183386
Suriname;Brokopondo;Brownsweg-Pokigron Rd km 45, Brokopondo, Suriname;;;4,7089;-55,284
Brazil;Minas Gerais;Brumadinho;;;-20,1514752;-44,2010718999999
Ecuador;Loja;Buena Vista, 1.7 gm past turnoff,;;53;-3,87;-79,66
Colombia;Meta;Buenavista;;325;4,175;-73,678056
Colombia;Valle del Cauca;Buenos Aires;;;3,8525;-76,426944
;;Burkina Faso;;;0;0
;;Buttterfly Farm;;;0;0
;El Salvador;Buttterfly Farm - El Salvador;;;0;0
Ecuador;Pichincha;By Mashpi mariposario (115);;;0,1661;-78,88803
French Guiana;Cayenne;Cacao - Cayenne, 9.9km,;;54;4,5728;-52,4536
Brazil;Minas Gerais;Caete;;;-19,8852788;-43,6644238
Panamá;Chiriquí;Cafe Duran Finca, near Santa Clara,;;55;8,8388;-82,7148
Panamá;Chiriquí;Cafe Vista Hermosa, Fortuna,;;56;0;0
Panamá;Darién;Caguanera;;254;8,58225;-78,1667
Brazil;Bahia;Camacan;;;-15,4201038;-39,4964036999999
Puerto Rico;Yauco;Cambalache;;;17,968365;-66,868957
;;Cambalache, Yauco;;;0;0
;;Cambridgeshire;;;0;0
;;Cameroon;;;0;0
;Panamá;Camino de las cruces,;;57;9,0109;-79,5477
French Guiana;Cayenne;Camp Caiman, Kaw Mountains,;;58;4,5697;-52,2195
Mexico;Campeche;Campeche;;;0;0
;;Campeche;;;0;0
Colombia;Putumayo;Campo Cana;;;1,21286;-76,68748
Colombia;Putumayo;Campo Cana 01;;;1,20624;-76,68113
Colombia;Putumayo;Campo Cana 02;;;1,20687;-76,68103
Colombia;Putumayo;Campo Cana 03;;;1,20848;-76,68135
Colombia;Putumayo;Campo Cana 04;;;1,20931;-76,68172
Colombia;Putumayo;Campo Cana 05;;;1,2143;-76,6809
Colombia;Putumayo;Campo Cana 06;;;1,21421;-76,68119
Colombia;Putumayo;Campo Cana 07;;;1,21467;-76,68254
Colombia;Putumayo;Campo Cana 08;;;1,21503;-76,68274
Colombia;Putumayo;Campo Cana 09;;;1,21738;-76,68343
Colombia;Putumayo;Campo Cana 10;;;1,21694;-76,68541
Colombia;Putumayo;Campo Cana 11;;;1,21757;-76,68879
Colombia;Putumayo;Campo Cana 12;;;1,21812;-76,68503
Colombia;Putumayo;Campo Cana 13;;;1,21851;-76,68473
Colombia;Putumayo;Campo Cana 14;;;1,21846;-76,68433
Colombia;Putumayo;Campo Cana 15;;;1,21437;-76,68102
Colombia;Putumayo;Campo Cana Mauricio1;;;1,21286;-76,68748
Colombia;Putumayo;Campo Cana Mauricio2;;;1,21412;-76,68982
Colombia;Putumayo;Campo Cana Mauricio3;;;1,21314;-76,68354
Ecuador;Napo;Campococha;;;-1,121102;-77,54519
Panamá;Darién;Cana, around runway area,;;59;7,7568;-77,6841
;;Cañar;;;0;0
Panamá;Darién;Canglon, Bridge on the Yaviza side of town;;60;8,3167;-77,7833
Peru;Ucayali;Caño Tushmo;;322;-8,342222;-74,592222
;;Caquetá;;;0;0
;;Carchi;;;0;0
Ecuador;Pichincha;Casa Amarilla, Mindo;;;-0,05237;-78,766
;;Casanare;;;0;0
Colombia;Valle del Cauca;Cascada de la Gringa;;;3,88388888889;-76,5891666667
Ecuador;Napo;Cascada Latas 1;;;-1,02559;-77,72945
Ecuador;Napo;Cascada Latas 2;;;-1,0311;-77,7332
Ecuador;Tungurahua;Cashaurco;;257;-1,422416667;-78,17293333
;;Cauca;;;0;0
;;Cauca Valley;;;0;0
;;Cayenne;;;0;0
;Ecuador;CC-22;;61;0;0
;;Ceará;;;0;0
;;Central Finland;;;0;0
;Panamá;Cerro Campana,;;62;8,6874;-79,9197
Ecuador;Sucumbíos;Cerro Lumbaqui Norte,;;22;0,2833;-77,3267
Panamá;Darién;Cerro Pirre, Cana,;;63;7,7638;-77,7212
Colombia;Cauca;Cerro Trinidad, Isla Gorgona;;;2,96891666667;-78,17505
;;Chad;;;0;0
;;Chanchamayo;;;0;0
;;China;;;0;0
;China;China Site;;;0;0
Colombia;Cundinamarca;Chirajara ;;;4,213333;-73,802777
;;Chiriquí;;;0;0
Panamá;Bocas del Toro;Chiriqui Grande - Almirante 9.5km,;;65;8,981;-82,24
;;Choco;;;0;0
Panamá;Chiriquí;Chorcha_chiriquion_Panama;;;8,367;-82,2776
Peru;San Martín;Chumia, San Martin,;;66;-6,695;-76,1861
Ecuador;Orellana;Coca ECD NA;;232;-0,4667;-76,9833
Colombia;Choco;Cocalito;;;6,38683;-77,40035
Colombia;Choco;Cocalito 2 ;;;6,38504;-77,40251
;;Coclé;;;0;0
;;Colombia;;;0;0
;;Colón;;;0;0
Ecuador;Napo;Colonia 20deEnero;;258;-1,091566667;-77,71995
Ecuador;Napo;Colonia 4deAgosto;;259;-1,2408;-77,96093333
Ecuador;Pastaza;Colonia Mariscal I;;260;-1,371266667;-77,87451667
Ecuador;Pastaza;Colonia Mariscal II;;261;-1,371166667;-77,85743333
Ecuador;Pastaza;Colonia Simon Bolivar;;273;-1,367483333;-78,01601667
Ecuador;Napo;Colonso Chalupas, mirador;;;-0,94314;-77,89551
Ecuador;Napo;Colonso Chalupas, waterfall;;;-0,94085;-77,89139
;;Commewijne;;;0;0
Ecuador;Morona-Santiago;Comunidad Shuar Mirador, 7 km east of Macas (Macas tu Puyo Road),;;67;-2,2078;-78,0744
Panamá;Ngäbe-Buglé;Continental Divide Trail, Fortuna,;;68;8,7853;-82,2143
;;Corsica;;;0;0
France;Corsica;Corsica Site;;;0;0
;;Cotopaxi;;;0;0
French Guiana;Saint-Laurent-du-Maroni;Crique Yiyi, Kourou - St Laurent;;69;5,4238;-53,632
Ecuador;Zamora-Chinchipe;Cruz grande loma ECD ZC;;233;-4,487;-79,1248
Colombia;Choco;Cuchilla 2;;;5,56944;-77,49977
Colombia;Choco;Cuchilla Amargal;;;5,57094;-77,49615
Suriname;Paramaribo;Cultuurtuin, Paramaribo, Suriname;;;5,8399;-55,1596
;;Cundinamarca;;;0;0
;;Darién;;;0;0
Peru;San Martín;Davidcillo;;70;-6,249166667;-76,275
;;Department of Zoology;;;0;0
;;Devez;;;0;0
French Guiana;Cayenne;Devez Road;;;4,509789;-52,396069
Burkina Faso;Est Region;Diapaga;;;12,072882;1,78955
;;Ecuador;;;0;0
Ecuador;Napo;El Capricho Km 5.7;;;-1,1878166667;-77,83105
Ecuador;Napo;El Capricho, Tena-Puyo rd.;;33;-1,18782;-77,83105
Colombia;Meta;El Carmen;;;4,005208;-73,777508
Ecuador;Napo;El Chaco- Napo;;;-0,29271;-77,770766
;Panamá;El Charco, Soberania, Panama;;;9,081;-79,6638
Panamá;Coclé;El Cope, near refugio;;72;8,663;-80,592
Colombia;Nariño;El Durango, km 4 Lita-San Lorenzo rd.;;24;1,4833;-78,6433
Ecuador;Esmeraldas;El Encanto, km 17 Lita-San Lorenzo rd.;;38;0,8932;-78,537
Ecuador;Loja;El Guarango , E of San Pedro de Vilcabamba;;40;-4,2;-79,1833
Panamá;Guna Yala;El Llano - Carti,;;73;9,3165;-78,997
;;El Oro;;;0;0
Panamá;Colón;El Renacer, Gamboa,;;74;9,1103;-79,6907
Colombia;Valle del Cauca;El Saladito, near Cali,;;75;3,4834;-76,6158
;;El Salvador;;;0;0
Panamá;Darién;El Tirao,;;76;8,7998;-78,1838
Ecuador;Tungurahua;El Topo, Baños - Puyo road,;;77;-1,39801;-78,17813
Ecuador;Pichincha;El Tortugo, P22;;;0,20946;-78,95608
Ecuador;Pichincha;El Tortugo, P24;;;0,20981;-78,95385
Ecuador;Pichincha;El Tortugo, P25;;;0,20773;-78,94691
Ecuador;Pichincha;El Tortugo, P26;;;0,21042;-78,94159
Ecuador;Pichincha;El Tortugo, P27;;;0,21172;-78,93937
Ecuador;Pichincha;El Tortugo, P28;;;0,21242;-78,93855
Colombia;Vichada;El Tuparro National Park;;;4,924724;-68,925111
Australia;Queensland;Emerald;;;-23,529559;148,165896
;;England;;;0;0
;French Guiana;Eskol village;;78;4,719;-52,273
;;Esmeraldas;;;0;0
;;Espírito Santo;;;0;0
;;Est Region;;;0;0
Venezuela;Táchira;Estado Táchira, Venezuela;;;7,596389;-72,15028
;;Estonia;;;0;0
French Guiana;Cayenne;Farnous, Cayenne, French Guiana;;;4,9463;-52,4199
Ecuador;Pastaza;Fátima 2;;274;-1,425866667;-78,0182
Ecuador;Pastaza;Fátima-Jatun Paccha Km1.6;;275;-1,42925;-77,98665
Ecuador;Pastaza;Fátima-Jatun Paccha Km11.7;;276;-1,409933333;-77,91535
Ecuador;Pastaza;Fátima-JatunPaccha Km7;;277;-1,4237;-77,94771667
Brazil;Maranhão;Feira Nova do Maranhão;;;-6,963914;-46,6798824999999
Colombia;Caquetá;Finca C. Piñacué;;;1,813611;-75,668611
Colombia;Putumayo;Finca el Escondite;;;0,79536;-76,58573
;;Finca Jose Simbanas P13;;;0;0
Panamá;Chiriquí;Finca La Chimenea,;;79;8,689;-82,2542
Colombia;Valle del Cauca;Finca La Delicia, Qbda. La Guinea, on Cali - Buenaventura road past Tunel#3;;80;3,7779;-76,13
Ecuador;Napo;Finca Narupa;;;-0,73017;-77,77367
Ecuador;Napo;Finca Narupa, bridge;;;-0,72516;-77,76736
Scotland;Aberdeenshire;Findlater Castle, Portsoy;;;57,69157;-2,77265
;;Finland;;;0;0
Panamá;Darién;Fondiadero;;;7,48767;-78,12733
Panamá;Colón;Forest edge Gamboa near #118,;;82;9,119;-79,6978
;;France;;;0;0
Colombia;Putumayo;Fredy's Farm;;;1,08486;-76,66997
;;French Guiana;;;0;0
Panamá;Colón;Ft Sherman Crane;;;9,2834;-79,9667
;;Gamboa;;;0;0
Panamá;Colón;Gamboa #183;;83;9,116;-79,698
Panamá;Colón;Gamboa Country Club;;84;9,1253;-79,6932
Panamá;Colón;Gamboa_insectaries;;;9,12;-79,702
;;Gamboa_stock;;;0;0
;Panamá;Gamboa-Panama City, Along roadside Gamboa-Summit,;;85;9,0523;-79,635
;Panamá;Gamboa-Panama City, Old Gamboa Road,;;86;9,0619;-79,6508
;;Georgia;;;0;0
Colombia;Cundinamarca;Granada (Guaduas);;;5,07916666667;-74,5658333333
Colombia;Caquetá;Guayabal (San Vicente del Caguan);;;2,684444;-74,888055
Ecuador;Pichincha;Guayllabamba;;;0,22022;-78,88961
;;Guna Yala;;;0;0
Ecuador;Loja;Gurunamaca Quebrada ECD LO;;234;-4,4217;-79,1433
Ecuador;Pichincha;Hacienda Hesperia;;87;3,528;-78,848
Finland;Pirkanmaa;Haralanharju, Kangasala;;;61,534638;24,081058
United Kingdom;Cambridgeshire;Hasse;;;52,536;0,3558202
Colombia;Cauca;Helechaux, near Popayan;;88;2,5133;-76,5942
Finland;Central Finland;Heposuo, Laukaa;;;62,347827;25,827675
Ecuador;Manabi;Herrera to Bilsa 1;;;0,36858;-79,64549
Ecuador;Manabi;Herrera to Bilsa 2;;;0,36614;-79,64908
Ecuador;Zamora-Chinchipe;Honda qbda trail ECD ZC;;235;-4,4725;-79,1217
Colombia;Valle del Cauca;Hotel Maguipi;;;3,83405;-77,26276
Ecuador;Santo Domingo de los Tsachilas;Hotel Tinalandia, Alluriquin,;;90;-0,2975;-79,0517
Ecuador;Morona-Santiago Province;Huamboya;;;-1,81337;-78,04507
Ecuador;Morona-Santiago Province;Huamboya (Rd San Francisco);;;-1,97786;-78,00945
;;Huila;;;0;0
Finland;Central Finland;Huosiaisnotko, Laukaa;;;62,385908;25,818186
;;Ian's Garden;;;0;0
Colombia;Tolima;Icononzo;;;4,21472222222;-74,9652777778
Peru;Loreto;Idea Religiosa, Munichis;;320;-5,910278;-76,225833
Argentina;Mesopotamia;Iguacu Falls,;;91;-25,6866;-54,4447
Ecuador;Napo;Ikiam Mariposario;;;-0,948557;-77,86605
Ecuador;Napo;Ikiam Road 1;;;-0,948557;-77,86605
Ecuador;Napo;Ikiam Road 2;;;-0,948557;-77,86605
;;Imbabura;;;0;0
;;Imereti;;;0;0
;;India;;;0;0
Colombia;Cundinamarca;Insectaries at La Vega;;;4,21472222222;-74,9652777778
Panamá;Darién;Jaque hill;;;7,52218;-78,17447
Panamá;Darién;Jaque trail 1;;;7,50278;-78,13798
Panamá;Darién;Jaque trail 2;;;7,50385;-78,13884
Ecuador;Napo;Jardin Aleman, Misahualli;;;-1,01035;-77,67089
Ecuador;Napo;Jatun Sacha,;;93;-0,7816;-77,836
Ecuador;Napo;Jatun Satcha P03;;;-1,06695;-77,62758
Ecuador;Napo;Jatun Satcha P06;;;-1,06774;-77,61677
Ecuador;Napo;Jatun Satcha P07;;;-1,0692;-77,61621
Ecuador;Napo;Jatun Satcha, jardin botanico;;;-1,06713;-77,62864
Ecuador;Napo;Jondachi, Napo, Ecuador;;;-0,7125;-77,74056
Estonia;Pärnu County;Kanaküla 1;;;58,263133;25,152133
Estonia;Pärnu County;Kanaküla 1.2;;;58,263233;25,1449
Estonia;Pärnu County;Kanaküla 2;;;58,270683;25,118833
Estonia;Pärnu County;Kanaküla 3;;;58,301833;25,0969
Estonia;Pärnu County;Kanaküla 4;;;58,2631;25,19075
French Guiana;Devez;Kaw;;;4,481285;-52,446547
;;Kenya;;;0;0
Ecuador;Napo;km 1.5 Lumbaqui-Baeza rd.,;;25;-0,4167;-77,4167
Ecuador;Napo;Km 119 Baeza - Lago Agrio;;195;-0,178;-77,68167
Ecuador;Morona-Santiago;km 14 Limón-Gualaceo rd.;;39;0;0
;;Km-103.1 Tarapoto-Yurimaguas;;;0;0
Peru;Loreto;Km-103.1 Tarapoto-Yurimaguas, Peru;;;-6,0516;-76,2019
Ecuador;Pastaza;Km18 Comuna SanPablo;;262;-1,38945;-77,90103333
Ecuador;Pastaza;Km19 Colonia Llandia 2;;263;-1,346666667;-77,96011667
Ecuador;Pastaza;Km19 Colonia Llandia Km1.2;;264;-1,362283333;-77,95943333
Ecuador;Pastaza;Km25 Llandia;;265;-1,333316667;-77,93405
Peru;San Martín;Km-26 Tarapoto-Yurimaguas, Peru;;;-6,4107;-76,3008
Ecuador;Pastaza;Km31 bajada Río Arajuno;;278;-1,321816667;-77,80981667
Ecuador;Pastaza;Km31 Comuna Cajabamba;;266;-1,338166667;-77,83538333
Ecuador;Pastaza;Km35 Antena;;267;-1,291033333;-77,87736667
Ecuador;Pastaza;Km35 Sendero PtaSanCristobal;;268;-1,290766667;-77,8419
Ecuador;Pastaza;Km37 SanFcoDeLlandia Km3.3;;269;-1,306233333;-77,90983333
Ecuador;Napo;Km43 Sendero Colonia SanVicente ;;270;-1,243283333;-77,86008333
Peru;San Martín;Km-5 Shapaja-Chazuta;;317;-6,598889;-76,219444
Peru;Loreto;Km-75 Tarapoto-Yurimaguas, Peru;;;-6,081;-76,2512
French Guiana;Cayenne;Kourou - Cayenne, 5.4km, along road to gun club;;94;5,1158;-52,648
Australia;Western Australia;Kununurra;;;-15,778453;128,745588
Peru;San Martín;La Antena, Km 15-24, Via Tarapoto-Yurinaguas (Km17),;;116;-6,4528;-76,2987
Colombia;Valle del Cauca;La Barra;;;3,95833333333;-77,3733333333
French Guiana;Cayenne;La Beaume, French Guiana;;;4,7919;-52,3902
Colombia;Valle del Cauca;La Cumbre;;;3,63805555556;-76,5622222222
Colombia;Cundinamarca;La Cumbre (Guaduas);;;5,06194444444;-74,5658333333
French Guiana;Cayenne;La Desiree, near Cayenne;;117;4,85;-52,3333
Colombia;Valle del Cauca;La Elsa - Rio Digua;;;3,009458;-76,58826
Colombia;Valle del Cauca;La Gloria, Cali - Buenaventura road at Tunel#3;;118;3,7825;-76,7211
Colombia;Nariño;La Punta, km 44 Lita-San Lorenzo rd.;;10;1,6667;-78,6667
Colombia;Cundinamarca;La Vega;;119;4,992;-74,331
Colombia;Valle del Cauca;Ladrilleros;;314;3,939444;-77,368889
French Guiana;Cayenne;Lago Bayano;;;4,700519;-52,30463
;Panamá;Lago Bayano (East side) site 2- bridge;;;9,1889;-78,7066
Panamá;Darién;Lago Bayano, Darién, Panama;;;9,1525;-78,68972
;;Laikipia County;;;0;0
Panamá;Darién;Lajas Blancas;;302;8,41323;-77,80923
Kenya;Nakuru Country;Lake Naivasha Camp Carnellys;;;-0,826435;36,3377094
Colombia;Caquetá;Las Morras (Puerto Amor);;;2,60897;-74,7776
Finland;Central Finland;Lautaperä, Keuruu;;;62,18704;24,874457
French Guiana;Cayenne;Les Nouragues Inselberg, French Guiana;;;4,083333;-52,67528
Colombia;Amazonas;Leticia;;;-4,20528611111111;-69,9329027777778
Colombia;Amazonas;Leticia - Km 9.3;;;-4,13338888888889;-69,9414722222222
Colombia;Amazonas;Leticia - Vereda San Jose;;;-4,160725;-69,9748583333333
Colombia;Amazonas;Leticia (Km 9.3);;;-4,133388;-69,941472
Colombia;Amazonas;Leticia Km 7. vía Tarapacá;;;-2,87861;-69,7442
Colombia;Amazonas;Leticia, vereda Arará;;;-4,04056;-70,0997
Colombia;Amazonas;Leticia, vereda Macedonia;;;-3,88333;-70,1881
Colombia;Amazonas;Leticia, vereda Nazareth;;;-4,10028;-70,0417
Ecuador;Napo;Limoncocha - El Carmen 1;;;-1,09256;-77,54583
Ecuador;Napo;Limoncocha - El Carmen 2;;;0;0
;;Loja;;;0;0
Ecuador;Morona-Santiago;Loma Kilamo , Macas;;17;-2,35;-78,145
;;Loreto;;;0;0
Panamá;Chiriquí;Los Quetzales Trail, Bajo Mono, Boquete;;120;8,8138;-82,4952
Ecuador;Sucumbíos;Lumbaqui- La bonita km 39;;;0,2356333;-77,46493
Ecuador;Sucumbíos;Lumbaqui- La bonita km 43;;;0,257;-77,4766
Ecuador;Sucumbíos;Lumbaqui, Succumbios;;;0,0448;-77,345
Ecuador;Sucumbíos;Lumbaqui-Sucumbios;;;0;0
Ecuador;Napo;Luz de América Km 11.5;;279;-1,16835;-77,78111667
;;Macas;;;0;0
Ecuador;Tungurahua;Machay protected area,;;121;-1,42;-78,287
;;Madagascar;;;0;0
;Panamá;Madden Hwy 12km from Gamboa turnoff,;;122;9,1516;-79,6185
;Panamá;Madden Hwy 4km from Gamboa turnoff,;;123;9,0844;-79,6195
United Kingdom;Cambridgeshire;Madingley;;;52,2249;0,0418
;;Maharashtra;;;0;0
;;Manabi;;;0;0
Ecuador;Pastaza;Mangayacu;;271;-1,437116667;-78,12288333
;Panamá;Mangowitchit A;;;9,15242;-78,69004
;Panamá;Mangowitchit B;;;9,15455;-78,67604
;Panamá;Mangowitchit C;;;9,1707;-78,7161
Colombia;Santander;Manzanares, Bucaramanga;;;7,03166666667;-73,0536722222
;;Maranhão;;;0;0
Brazil;Maranhão;Maranhão Site;;;0;0
French Guiana;Saint-Laurent-du-Maroni;Maripasoula;;304;3,65556;-54,0394
Colombia;Tolima;Mariquita Reserve,;;124;5,212;-74,897
;;Marowijne;;;0;0
Colombia;Risaralda;Marsella-Buena Vista (Bosque don Manuel);;;5,00722222222;-75,74
Colombia;Risaralda;Marsella-El Nudo;;;4,8775;-75,7102777778
Colombia;Risaralda;Marsella-La Nona;;;4,93555555556;-75,7702777778
Colombia;Risaralda;Marsella-Risaralda;;311;4,8775;-75,710278
Ecuador;Pichincha;Mashpi Insectary;;;0,16593;-78,88822
Ecuador;Pichincha;Mashpi Road, P17;;;0,15819;-78,85971
Ecuador;Pichincha;Mashpi Road, P18;;;0,15669;-78,86036
Ecuador;Pichincha;Mashpi Road, P19;;;0,1567;-78,86184
Ecuador;Pichincha;Mashpi Road, P20;;;0,15615;-78,86355
Ecuador;Pichincha;Mashpi Road, P21;;;0,15704;-78,8661
Ecuador;Pichincha;Mashpi to Pachijal 1;;;0,17456;-78,85367
Ecuador;Pichincha;Mashpi to Pachijal 2;;;0,18085;-78,85322
Ecuador;Pichincha;Mashpi town (117);;;0,17533;-78,90752
;;Mato Grosso;;;0;0
Brazil;Mato Grosso;Mato Grosso Site;;;0;0
;;Mayo-Kebbi Est;;;0;0
Finland;Central Finland;Mäyrämäki, Jyväskylä;;;62,228377;25,646546
Suriname;Commewijne;Meerzorg;;;5,785;-55,101
Ecuador;Tungurahua;Mera;;;-1,399167;-78,181111
;;Mesopotamia;;;0;0
;;Meta;;;0;0
Panamá;Darién;Meteti;;305;8,4997;-77,9733
;;Mexico;;;0;0
Peru;Loreto;Michaela Bastida;;321;-5,971667;-76,231944
Ecuador;Pichincha;Mina before Puerto Quito 1;;;0,10152;-79,13701
Ecuador;Pichincha;Mina before Puerto Quito 2;;;0,1119;-79,13653
Ecuador;Pichincha;Mina before Puerto Quito 3;;;0,13332;-79,14056
Ecuador;Napo;Mina Negra;;;-0,6838;-77,73973
;;Minas Gerais;;;0;0
;;Mindo;;;0;0
Ecuador;Cotopaxi;Mindo - Cinto Road,;;125;-0,648;-78,7895
Ecuador;Pichincha;Mindo Tarabita 1;;;-0,09162;-78,75655
Ecuador;Pichincha;Mindo Tarabita 2;;;-0,09343;-78,75458
Ecuador;Pichincha;Mindo to Finca Birdadvenrure 1;;;-0,05734;-78,7901
Ecuador;Pichincha;Mindo to Finca Birdadvenrure 2;;;-0,05365;-78,79098
Ecuador;Pichincha;Mindo to Finca Birdadvenrure 3;;;-0,0517;-78,78912
Ecuador;Pichincha;Mindo to Finca Birdadvenrure 4;;;-0,05353;-78,78659
Ecuador;Pichincha;Mindo, Yellow House Trail, Hacienda de San Vicente,;;126;-0,0485;-78,7789
Ecuador;Napo;Misahualli to Puni Bocana;;;-1,09105;-77,6542
Colombia;Putumayo;Mocoa to Pto Guzman;;;0,95909;-76,42391
Colombia;Putumayo;Mocoa,Vereda San Antonio, Rio Sangu Yaco;;;1,1780556;-76,664722
Colombia;Putumayo;Mocoa-Subundoy site 3;;;1,08774;-76,68353
Colombia;Putumayo;Mocoa-Subundoy site 4;;;1,08042;-76,71533
Colombia;Putumayo;Mocoa-Subundoy site 5;;;1,07793;-76,71753
Colombia;Valle del Cauca;Montañitas;;127;3,6838333;-76,52216667
;;Moray;;;0;0
Colombia;Casanare;Morcote;;;5,61694444444;-72,3
;;Morona-Santiago;;;0;0
;;Morona-Santiago Province;;;0;0
Finland;Uusimaa;Mosabackantie, Sipoo;;;60,333267;25,159055
Kenya;Laikipia County;Mpala Research Centre;;;0,292435;36,898036
French Guiana;Cayenne;Mt de Matoury, Cayenne, Reservoir near water treatment plant;;128;4,8702;-52,3421
Ecuador;Zamora-Chinchipe;Muertos qbda de los ECD ZC;;236;-4,473;-79,1488
Kenya;Laikipia County;Mukenya;;;0,3997222;36,8736111
Peru;Loreto;Munichis;;319;-5,910278;-76,225556
United Kingdom;Cambridgeshire;Museum of Zoology;;;52,203302;0,1183988
French Guiana;Saint-Laurent-du-Maroni;N. Wakapou, Maripausala FR GUIANA;;;3,6883;-54,0825
;;Nakuru Country;;;0;0
Ecuador;Pichincha;Nanegal to Marianita;;;0,135;-78,66544
;;Napo;;;0;0
Ecuador;Sucumbíos;Napo Wildlife Center  napo trail ECD OR;;237;-0,5097;-76,4368
Ecuador;Sucumbíos;Napo Wildlife Center community Anangu;;238;-0,4937;-76,4468
Ecuador;Orellana;Napo Wildlife Center ECD OR;;239;-0,5238;-76,4407
Ecuador;Orellana;Napo Wildlife Center tiputini trail ECD OR;;240;-0,5293;-76,417
;;Nariño;;;0;0
Kenya;Laikipia County;Naro Moro River Lodge;;;-0,153751;37,0111791
Suriname;Sipaliwini;Naseer's Rd to Train depot, Apoera, Sipaliwini, Suriname;;;5,1481;-57,1651
French Guiana;Cayenne;near Cacao, coll. Phillipe Souleur;;129;4,571;-52,462
Peru;San Martín;near Pongo, Peru;;;-6,474167;-76,01028
Finland;Southern Finland;Nederdalintie 126, Hanko;;;59,84413727;23,11707451
;;Ngäbe-Buglé;;;0;0
Senegal;Thèis Region;Noto;;;14,990952;-17,00798
Peru;Rioja;Nueva Jordania;;;-5,58181;-77,67613
Ecuador;Zamora-Chinchipe;Old Zamora Road;;248;-4,0439;-78,9861
;;Orellana;;;0;0
Colombia;Boyacá;Otanche;;246;5,6611;-74,185
Ecuador;Pichincha;Pachijal to Tortugo 5;;;0,18014;-78,94527
Ecuador;Pichincha;Pachijal to Tortugo 6;;;0,20829;-78,95615
Ecuador;Pichincha;Pacto- Rio Toali, site 1;;;0,14057;-78,76303
Ecuador;Pichincha;Pacto- Rio Toali, site 2;;;0,1491;-78,75907
Ecuador;Pichincha;Pacto- Rio Toali, site 4;;;0,14997;-78,75382
Ecuador;Pichincha;Pacto- Rio Toali, site 5;;;0,15376;-78,75897
Ecuador;Pichincha;Pacto- Rio Toali, site 6;;;0,14652;-78,76136
Ecuador;Pichincha;Pacto- Rio Toali, site PAC4;;;0,15386;-78,75813
Ecuador;Pichincha;Pacto to Paraiso 1 ;;;0,15135;-78,76978
Ecuador;Pichincha;Pacto to Paraiso 2;;;0,15392;-78,77613
Ecuador;Pichincha;Pacto to Paraiso 3;;;0,15605;-78,77937
Ecuador;Pichincha;Pacto to Paraiso, Rio1;;;0,16174;-78,75771
Ecuador;Pichincha;Pacto to Paraiso, Rio2;;;0,1641;-78,75854
Ecuador;Pichincha;Pacto to Paraiso, Rio3;;;0,16602;-78,7575
Ecuador;Pichincha;Pacto town;;;0;0
Colombia;Antioquia;Pailania, San Francisco (Cocorna);;;5,98694444444;-75,1186111111
Chad;Mayo-Kebbi Est;Pala;;;9,363373;14,910171
Ecuador;Pichincha;Palmarcito, km 15 Pedernales-Jama rd.;;14;-0,1233;-78,1667
Colombia;Valle del Cauca;Palo Alto (Bitaco);;;3,610639;-76,598569
Panamá;Chiriquí;Palo Alto, Boquete,;;130;8,8027;-82,4244
Peru;Chanchamayo;Pampa hermosa_1;;;-11,03377;-75,40913
Peru;Chanchamayo;Pampa hermosa_2;;;-11,03642;-75,40799
Peru;Chanchamayo;Pampa hermosa_3;;;-11,04458;-75,41327
;;Panamá;;;0;0
;Panamá;Panama city - Yaviza 266km, Mike Blum's Lantana patch;;132;8,1569;-77,6929
Colombia;Valle del Cauca;Pance (Topacio);;;3,324166;-76,636388
Peru;San Martín;Panpayas Lamas;;133;0;0
;;Pará;;;0;0
Colombia;Caquetá;Paraiso;;;1,75055555556;-75,6319444444
;;Paramaribo;;;0;0
Venezuela;Táchira;Paramillo, San Cristobal, Táchira, Venezuela;;;7,798;-72,2047
;;Paraná;;;0;0
Colombia;Boyacá;Parcela 33, Villeta - Guaduas 23.6km;;134;5,658;-74,5619
Colombia;Choco;Paridera-Potes 1;;;6,36784;-77,37357
Colombia;Choco;Paridera-Potes 2;;;6,362567;-77,37085
Colombia;Choco;Paridera-Potes 3;;;6,35706;-77,3695
;;Pärnu County;;;0;0
;;Parque Ecologico;;;0;0
Ecuador;Pastaza;Parroquia Cumandá;;280;-1,454166667;-78,14918333
;;Pastaza;;;0;0
Ecuador;Pastaza;Pastaza;;135;0;0
French Guiana;Cayenne;Patawa Laie;;324;4,545;-52,138889
Ecuador;Esmeraldas;Pedro Vicente Maldonado,;;136;0,1177;-79,59
Suriname;Commewijne;Peperpot Town, Commewijne, Suriname;;;5,774;-55,1148
;;Peru;;;0;0
;;Pichincha;;;0;0
Brazil;Minas Gerais;Pico da Serra da Piedade;;;-19,822576;-43,67615
Ecuador;Napo;Pimpilala;;306;-1,075833;-77,937222
Ecuador;Morona-Santiago;Pimpilala, Rio Jatunyacu;;23;-1,7667;-77,9367
Ecuador;El Oro;Piñas, forest near tall shrine at Buenaventura Hacienda;;137;3,686;-79,671
Ecuador;Pastaza;Pindo-Mirador;;272;-1,459966667;-78,0728
Colombia;Antioquia;Pintoyaquillo,;;138;6,2514;-76,3136
Panamá;Colón;Pipeline road;;139;9,1222;-79,7149
Panamá;Colón;Pipeline road 1.2km,;;141;9,1274;-79,7148
Panamá;Colón;Pipeline road 1.3km,;;144;9,1282;-79,7152
Panamá;Colón;Pipeline road 1.4km,;;145;9,1291;-79,7155
Panamá;Colón;Pipeline road 1.5km,;;146;9,1299;-79,7158
Panamá;Colón;Pipeline road 11.5km,;;148;0;0
Panamá;Colón;Pipeline road 11km,;;149;0;0
Panamá;Colón;Pipeline road 12.2km,;;150;0;0
Panamá;Colón;Pipeline road 12.3km,;;151;0;0
Panamá;Colón;Pipeline road 12km,;;152;0;0
Panamá;Colón;Pipeline road 13km,;;153;0;0
Panamá;Colón;Pipeline road 14km,;;154;0;0
Panamá;Colón;Pipeline road 15km,;;155;0;0
Panamá;Colón;Pipeline road 1km,;;147;9,1256;-79,7145
Panamá;Colón;Pipeline road 2.5km,;;156;9,1354;-79,7229
Panamá;Colón;Pipeline road 2km,;;157;9,1328;-79,719
Panamá;Colón;Pipeline road 3 km,;;158;0;0
Panamá;Colón;Pipeline road 3.2km,;;159;0;0
Panamá;Colón;Pipeline road 3.3km,;;160;0;0
Panamá;Colón;Pipeline road 3.7km,;;161;0;0
Panamá;Colón;Pipeline road 3.9km,;;162;0;0
Panamá;Colón;Pipeline road 3km,;;163;0;0
Panamá;Colón;Pipeline road 4.3km,;;164;0;0
Panamá;Colón;Pipeline road 4.4km,;;165;9,1472;-79,7296
Panamá;Colón;Pipeline road 4.5km,;;166;0;0
Panamá;Colón;Pipeline road 4.6km,;;167;0;0
Panamá;Colón;Pipeline road 4km,;;168;0;0
Panamá;Colón;Pipeline road 5.2km,;;169;0;0
Panamá;Colón;Pipeline road 5.4km,;;170;0;0
Panamá;Colón;Pipeline road 5.5km,;;171;0;0
Panamá;Colón;Pipeline road 5.6km,;;172;0;0
Panamá;Colón;Pipeline road 5.7km,;;173;0;0
Panamá;Colón;Pipeline road 5km,;;174;0;0
Panamá;Colón;Pipeline road 6.6 km,;;175;0;0
Panamá;Colón;Pipeline road 6km,;;176;0;0
Panamá;Colón;Pipeline road 7km,;;177;0;0
Panamá;Colón;Pipeline road 8.2km,;;178;0;0
Panamá;Colón;Pipeline road 9km,;;179;9,1714;-79,7573
Panamá;Colón;Pipeline road km and nearby;;140;9,1222;-79,7149
;;Pipeline road,;;;0;0
;;Pirkanmaa;;;0;0
;Panamá;Plantation loop road;;180;9,076;-79,659
Colombia;Valle del Cauca;Playa Dorada;;;3,8387;-77,26709
Colombia;Choco;Playa Flores;;;6,38915;-77,38277
Colombia;Choco;Playa Flores 2;;;6,389933;-77,38293
Colombia;Choco;Playa Flores 3;;;6,38765;-77,38557
Colombia;Choco;Playa Parra;;;6,24066;-77,39544
French Guiana;Cayenne;Pointe Macouria,;;181;4,9138;-52,3595
;Panamá;Police_academy_Soberania_Panama;;;9,0575;-79,6377
Peru;San Martín;Pongo de Cainarache - Baranquita, Km 7.2,;;182;-6,2897;-76,2289
Peru;San Martín;Pongo, Site 34;;;-6,3345;-76,2858
Scotland;Moray;Portknockie, Buckie;;;57,704217;-2,876195
Colombia;Choco;Potes;;;6,34935;-77,36784
Colombia;Choco;Potes 2 ;;;6,3495;-77,36697
Colombia;Choco;Potes 3 ;;;6,35024;-77,36328
Colombia;Putumayo;Pto Guzman;;;0,95637;-76,40855
Peru;Ucayali;Pucallpa;;318;-8,289167;-74,554444
Peru;San Martín;Puente Aguas Verdes, above Rioja ,;;183;-5,6846;-77,6576
;Peru;Puente Chalayaco;;;0;0
Peru;San Martín;Puente El Afluente, Camino  Nuevo Eden,;;184;-5,6614;-77,6962
Peru;San Martín;Puente Rio Serranoyacu, above Rioja,;;185;-5,6745;-77,6748
Panamá;Darién;Puerta Lara;;253;8,61355;-78,13982
Colombia;Caquetá;Puerto Amor;;313;2,521389;-74,739444
Panamá;Darién;Puerto Lajas Blancas;;301;8,39141;-77,84473
;;Puerto Nariño- Quebrada aguas rojas;;;0;0
Ecuador;Pichincha;Puerto Quito, La Isla;;;0,11001;-79,23029
;;Puerto Rico;;;0;0
;Mexico;Puerto Vallarta;;;0;0
Ecuador;Napo;Puni Bocana, lodge;;;-1,10884;-77,63588
Ecuador;Napo;Puni Bocana, trail;;;-1,11568;-77,62902
Peru;Chanchamayo;Puntayacu;;;-11,17453;-75,40347
Ecuador;Napo;Pununo;;;-1,02277;-77,67152
;;Putumayo;;;0;0
Colombia;Putumayo;Putumayo;;309;1,178056;-76,664722
Ecuador;Pastaza;Puyo Valley;;186;-1,486;-78,067
Colombia;Caquetá;Q. Doraditas (Suaza);;;1,71083333333;-75,7088888889
Colombia;Amazonas;Quebrada Aguas Rojas, Puerto Nariño;;;-3,770083;-70,339805
Panamá;Ngäbe-Buglé;Quebrada Aleman, Fortuna,;;187;8,767;-82,2326
Panamá;Guna Yala;Quebrada Calicuna 3.8 Km;;;9,1408;-78,0905
Colombia;Caquetá;Quebrada Doraditas;;315;1,717778;-75,709722
Panamá;Chiriquí;Quebrada Hornito Trail, Fortuna,;;188;8,6928;-82,2245
Colombia;Caquetá;Quebrada La Yuca;;;1,60972222222;-75,6669444444
Colombia;Caquetá;Quebrada Las Doraditas;;;1,70965;-75,6975833333
;;Queensland;;;0;0
Colombia;Valle del Cauca;Queremal;;;3,53199;-76,75461
Colombia;Valle del Cauca;Queremal (Rio San Juan, Vereda El Digua);;;3,50083333333;-76,7572222222
Ecuador;Napo;Rancho Escondido;;;-1,077;-77,59119
Panamá;Darién;Rancho Frio;;298;8,01974;-77,73252
Ecuador;Napo;Reserva Narupa, bridge;;;-0,6838;-77,73973
Ecuador;Napo;Reserva Narupa, P10;;;0;0
Colombia;Choco;Reserva nueva;;;5,57447;-77,49941
;French Guiana;Reserve Botanique de Singes;;189;0;0
Ecuador;Sucumbíos;Reventador road;;;0;0
Ecuador;Sucumbíos;Reventador-Sucumbios;;;-0,032166;-77,52603
Ecuador;Morona-Santiago;Rio Abanico, Macas;;249;-2,251;-78,2
Colombia;Choco;Rio Amargal;;;5,57074;-77,50089
Ecuador;Pastaza;Rio Anso, near Mera;;250;-1,453;-78,107
Colombia;Vaupes-Amazonas;Río Apaporis, Comunidad de Jirijirimo, Camino Comunidad Tierra Firme;;;-0,044;-70,9607777778
Colombia;Vaupes-Amazonas;Río Apaporis, Comunidad de la Playa, camino 4 Km;;;0,367666666667;-70,8513888889
Ecuador;Napo;Rio Arajuno Coca road km 10.8;;;-1,0489;-77,6057
Colombia;Valle del Cauca;Rio Bravo - Calima;;;3,88399;-76,012873
Colombia;Valle del Cauca;Rio Bravo (along road),;;190;3,8958;-76,6214
Colombia;Valle del Cauca;Rio Bravo (Canyon),;;191;3,8958;-76,6214
Colombia;Valle del Cauca;Rio Bravo 2;;;3,88274;-76,57716
Colombia;Valle del Cauca;Rio Bravo 3;;;3,88647;-76,58866
Colombia;Valle del Cauca;Rio Bravo 4;;;3,88536;-76,58334
Colombia;Valle del Cauca;Rio Bravo 6;;;3,88024;-76,57411
Colombia;Valle del Cauca;Rio Bravo-Calima;;310;3,9;-76,6325
Colombia;Valle del Cauca;Rio Calima 5km;;;3,5175;-76,7572222222
Ecuador;Pastaza;Río Camagua?/Chontoa;;281;-1,5818;-77,82098333
Panamá;Darién;Rio Chado;;;7,54647;-78,15315
Ecuador;Napo;Rio Chonta , nr. Cosanga;;32;-0,595;-77,9333
;French Guiana;Rio Compte Bridge;;64;4,66;-52,355
;;Rio Grande do Sul;;;0;0
Colombia;Meta;Rio Guejar, Vereda Guaramal;;;3,56666666667;-74,0761111111
Panamá;Darién;Rio Jaque 2;;;7,53174;-78,17468
Ecuador;Pastaza;Río Llushcayacu;;282;-1,402133333;-77,79738333
Ecuador;Carchi;Rio Piguambi , km 7.5 Lita-San Lorenzo rd.;;20;0,8737;-78,4925
Panamá;Darién;Rio Piñas, along trail up to Sambu,;;193;7,6732;-78,2641
Panamá;Darién;Rio Piñas, Campsite,;;194;7,6362;-78,1897
Ecuador;Napo;Río Pusuno;;;-1,01566666667;-77,5974833333
Ecuador;Sucumbíos;Rio Sucio, nr. La Bonita;;31;0,475;-77,555
Ecuador;Pichincha;Rio Toali;;;0,14974;-78,75532
Ecuador;Imbabura;Rio Verde, S of Santa Rita de Cachaco;;16;0,759;-78,3738
Ecuador;Morona-Santiago;Río Yanamacas Chico;;283;-1,793066667;-78,01856667
Ecuador;Orellana;Rio Yuturi , lodge trail Rio Napo;;11;-0,548;-76,4133
Ecuador;Orellana;Rio Yuturi, lodge trail;;35;-0,548;-76,4133
Ecuador;Orellana;Rio Yuturi, Rio Manduro trail;;37;-0,5582;-76,4417
;;Rioja;;;0;0
;;Risaralda;;;0;0
French Guiana;Cayenne;Risquetout, near Montsinery;;196;4,9431;-52,529
Ecuador;Napo;Road after San Pedro de Arajuno;;;-1,10337;-77,58031
Ecuador;Napo;Road after y in km24 Tena-Quito;;;0;0
;;Road to Mashpi (116);;;0;0
Ecuador;Pichincha;Road to Mashpi 2 (116);;;0,18497;-78,85302
Ecuador;Pichincha;Road to Mashpi 3 (133);;;0,19366;-78,8587
Ecuador;Pichincha;Road to Mashpi, P1;;;0,19514;-78,867
Ecuador;Pichincha;Road to Mashpi, P2;;;0,19496;-78,87631
Ecuador;Napo;Road to Shalcana;;;-1,0558;-77,70191
Ecuador;Napo;Road to Shalcana 2;;;-1,05912;-77,69967
French Guiana;Cayenne;Roura to Kaw Mountains, 18.3km,;;197;4,6136;-52,2792
French Guiana;Cayenne;Route to Camp Hero;;;4,4744;-52,3228
French Guiana;Cayenne;Sablance (La Victoire), Route N1, km 19;;198;4,9632;-52,42
Ecuador;Sucumbíos;Sacha Lodge , Rio Napo;;2;-0,47;-76,4587
;;Saint-Laurent-du-Maroni;;;0;0
Bolivia;Santa Cruz;Samaipata;;;-18,173171;-63,878889
Colombia;Huila;San Agustin, Parque Arqueológico;;;1,87365;-76,2523805556
Colombia;Valle del Cauca;San Antonio (Jamundi) ;;;3,21527777778;-76,6633333333
;;San Cristobal;;;0;0
Venezuela;Táchira;San Cristobal (UNET-Paramillo);;;7,94055555556;-72,3405555556
Peru;San Martín;San Cristóbal, San Martin, Peru;;;-6,1819;-76,24722
Venezuela;Táchira;San Cristobal, Venezuela;;;7,767;-72,225
Venezuela;Táchira;San Cristobal-Rio Frio;;;7,587777;-72,1275
Ecuador;Zamora-Chinchipe;San Francisco casa de Arcoiris ECD ZC;;241;-3,9883;-79,093
Ecuador;Esmeraldas;San Francisco ridge , km 17 San Lorenzo-Ibarra rd.;;71;1,1717;-78,6987
Ecuador;Loja;San Francisco, canal subterraneo, Zamora-Loja rd.;;5;-3,979;-79,855
Ecuador;Loja;San Francisco, casa de Arcoiris, km 23 Loja-Zamora rd.;;42;-3,9883;-79,93
Colombia;Amazonas;San Martin;;;-3,77653888888889;-70,3028361111111
;;San Martín;;;0;0
Ecuador;Imbabura;San Miguel de los Bancos,;;200;0,24;-78,913
Colombia;Valle del Cauca;San Pedro;;;1,1780556;-76,664722
Colombia;Valle del Cauca;San Pedro 1;;;3,83691;-77,25734
Colombia;Valle del Cauca;San Pedro 2;;;3,83064;-77,2498
Colombia;Valle del Cauca;San Pedro 3;;;3,83366;-77,25275
Ecuador;Napo;San Pedro de Arajuno;;;-1,09759;-77,5893
Ecuador;Napo;San Pedro de Arajuno, Río Arajuno;;;-1,09833;-77,58389
Ecuador;Napo;San Pedro de Arajuno, trail;;;-1,09759;-77,5893
Ecuador;Loja;San Pedro de la Bendita, Catamayo;;201;3,946;-79,43
Ecuador;Pastaza;San Pedro de Puní;;284;-1,25185;-77,8196
Ecuador;Napo;San Raphael Falls, Baeza-Lago Agrio;;202;0,107;-77,585
Colombia;Caquetá;San Vicente del Caguan;;;2,113777;-74,7859444
Ecuador;Morona-Santiago;Sangay;;285;-1,779816667;-77,98205
Colombia;Valle del Cauca;Santa Barbara;;;3,75;-77,2
;;Santa Catarina;;;0;0
;;Santa Cruz;;;0;0
;;Santa Elena;;;0;0
Panamá;Darién;Santa Fe, by the river just past village;;203;0;0
Colombia;Caquetá;Santa Helena;;;1,78265;-75,6444
Panamá;Darién;Santa Librada;;299;8,27971;-77,80982
Panamá;Colón;Santa Rita Ridge;;204;9,34;-79,77
Colombia;Antioquia;Santafé de Antioquia;;;6,55798055556;-75,8267083333
Colombia;Caquetá;Santafé de los guaduales;;316;1,409167;-75,206111
Colombia;Tolima;Santafé de los guaduales;;;4,409023;-75,196304
;;Santander;;;0;0
Brazil;Pará;Santarém;;;-2,453809;-54,726839
;;Santo Domingo de los Tsachilas;;;0;0
Brazil;Santa Catarina;São Bento do Sul;;;-26,2500365;-49,3835566
Brazil;Rio Grande do Sul;São Francisco de Paula;;;-29,442271;-50,5797678999999
;French Guiana;Savane du Galion;;205;4,789;-52,404
;;Scotland;;;0;0
Ecuador;Pastaza;Sendero Colonia JuanDeVelasco;;286;-1,475316667;-77,87033333
Ecuador;Pastaza;Sendero vía Arajuno Km37;;287;-1,377783333;-77,71058333
;;Senegal;;;0;0
Peru;Rioja;Serranoyacu_1;;;-5,67487;-77,67118
Peru;Rioja;Serranoyacu_2;;;-5,67284;-77,71947
Peru;Rioja;Serranoyacu_3;;;-5,67537;-77,67142
Peru;Rioja;Serranoyacu_4;;;-5,67453;-77,67114
;;Sevilla;;;0;0
Spain;Andalucia;Seville;;;37,380669;-5,99177
Peru;San Martín;Shapajilla;;;-6,3148;-76,3198
United Kingdom;South Yorkshire;Sheffield Insectary;;;53,3812;-1,498685
Ecuador;Pastaza;Shell;;251;-1,486;-78,067
;;Sipaliwini;;;0;0
Brazil;Espírito Santo;Sooretama;;;-19,0983721;-40,1862128999999
;;South Africa;;;0;0
Peru;San Martín;South of Moyobamba;;;-6,096;-76,9774
;;South Yorkshire;;;0;0
;;Southern Finland;;;0;0
French Guiana;Cayenne;Space station road, at turnoff from Kourou - Sinnamary;;207;5,334;-52,915
;;Spain;;;0;0
French Guiana;Saint-Laurent-du-Maroni;St Laurent to Apatou 1km;;208;5,446;-54,042
French Guiana;Saint-Laurent-du-Maroni;St Maurice, just outside St Laurent on road to Apatou;;209;5,476134;-54,03823
England;Stratford-Upon-Avon;Stratford Butterfly Farm;;;52,190506;-1,7036992
;;Stratford-Upon-Avon;;;0;0
Colombia;Caquetá;Sucre;;;1,803333;-75,655277
;;Sucumbíos;;;0;0
Ecuador;Orellana;Sucumbios, near La Bonita;;307;-0,475;-77,555
;;Sud Vina;;;0;0
Cameroon;Sud Vina;Sud Vina Site;;;0;0
;;Suriname;;;0;0
Ecuador;Cañar;Suscal 23.3 gm west,;;210;-2,4548;-79,149
Finland;Southern Finland;Svanvik, Hanko;;;59,8393;23,1827
Finland;Southern Finland;Syn1, Hanko;;;59,847418;23,132814
;;Táchira;;;0;0
Peru;San Martín;Tarapoto- Yurimaguas (Km 8),;;213;-6,4648;-76,3119
Peru;San Martín;Tarapoto- Yurimaguas, Km 3,;;212;-6,4782;-76,3258
Peru;San Martín;Tarapoto, Rio Shilcayo,;;211;-6,4645;-76,3514
Peru;San Martín;Tarapoto-Urahuasha Trail;;;-6,4777778;-76,35666
Peru;San Martín;Tarapoto-Yurimaguas (Km 78),;;214;-6,2392;-76,2687
Peru;San Martín;Tarapoto-Yurimaguas (Km15), Tunel Cumbre, Fondo Biodiversidad,;;215;-6,4584;-76,2877
;;Tarapoto-Yurimaguas (Km8);;;0;0
Peru;San Martín;Tarapoto-Yurimaguas (Km8), Condoryaco;;216;-6,46361;-76,33528
Peru;San Martín;Tarapoto-Yurimaguas Road (14km);;;-6,455;-76,2983333333
Peru;San Martín;Tarapoto-Yurimaguas Road (18km);;;-6,45305555556;-76,2886111111
Peru;San Martín;Tarapoto-Yurimaguas Road (24km);;;-5,9816;-76,2152
Peru;San Martín;Tarapoto-Yurinaguas (Km28);;;-6,40972222;-76,30305556
Peru;San Martín;Tarapoto-Yurinaguas (Km28),;;217;-6,424;-76,335
;;Telangana;;;0;0
;;test locality;;;0;0
;;Thèis Region;;;0;0
Scotland;Moray;Thieves Hill, Aultmore, Keith;;;57,575232;-3,048772
Ecuador;Orellana;Tiputini Biodiversity Station, Rio Tiputini;;21;-0,7333;-76,8333
Ecuador;Pastaza;Tnt Hugo Ortiz Km2;;288;-1,383016667;-77,94456667
;;Tocatins;;;0;0
Brazil;Tocatins;Tocatins River;;;-12,374009;-48,189253
;;Tolima;;;0;0
Colombia;Santander;Tolota;;;6,05197222222;-73,4009527778
Ecuador;Esmeraldas;Tonsupa 1;;;0,85369;-79,80416
;Panamá;Torti Abajo;;;8,9758;-78,3753
Peru;San Martín;Tunel_1;;;-6,45283;-76,286215
Peru;San Martín;Tunel_2;;;-6,45673;-76,28445
Peru;San Martín;Tunel_3;;;-6,45551;-76,2843
Peru;San Martín;Tunel_left;;;-6,45236;-76,28694
Peru;San Martín;Tunel_montée;;;-6,45296;-76,28762
;;Tungurahua;;;0;0
French Guiana;Cayenne;Turnoff to Eskol from Roura,;;218;4,7175;-52,331
Brazil;Paraná;Turvo;;;-25,0462085;-51,5394632
Finland;Uusimaa;Tvärminne, Hanko;;;59,846;23,167
Brazil;Ceará;Ubajara;;;-3,8692037;-41,0192349
;;Ucayali;;;0;0
;;United Kingdom;;;0;0
;;Unknown;;;0;0
;;Unknown Asian Site;;;0;0
;;Unknown Brazil Site;;;0;0
;Brazil;Unknown Brazilian Site;;;0;0
;India;Unknown Indian Site;;;0;0
;South Africa;Unknown South African Site;;;0;0
Peru;San Martín;Urahuasha;;323;-6,466667;-76,334722
Peru;San Martín;Urahuasha Trail;;;-6,4741;-76,3437
;;Uusimaa;;;0;0
Ecuador;Zamora-Chinchipe;Valladolid - tapala rd km 8 ECD ZC;;243;-4,5395;-79,1058
;;Valle del Cauca;;;0;0
Suriname;Sipaliwini;Van Ams Camp, Bakhuis, Sipaliwini, Suriname;;;4,7369;-56,8
;;Vaupes-Amazonas;;;0;0
;;Venezuela;;;0;0
Ecuador;Pastaza;Vía Arajuno Km58.4;;289;-1,250966667;-77,69885
Ecuador;Morona-Santiago;Vía Arapicos Km4.5;;290;-1,817616667;-77,96013333
Ecuador;Pastaza;Vía Canelos Km6.3;;291;-1,596866667;-77,82216667
Ecuador;Napo;Vía Colonia 4deAgosto 1;;292;-1,2456;-77,90856667
Ecuador;Napo;Vía Colonia 4deAgosto Km8.2;;293;-1,246316667;-77,94273333
Ecuador;Pastaza;Vía Colonia JuanDeVelasco Km1;;294;-1,459233333;-77,8867
Ecuador;Napo;Via Tena-Nuevo Angosta Km2.7;;;-0,9881;-77,7896
Ecuador;Pastaza;Vía Triunfo-Villano-Parahua;;295;-1,41605;-77,72901667
;;Vichada;;;0;0
Ecuador;Loja;Vilcabamba;;;-4,276111;-79,195833
Ecuador;Loja;Vilcabamba Ecolodge, Eastern Trail from Ruinas Lodge to Rumi Wilco,;;219;-4,2581;-79,2171
Colombia;Cundinamarca;Virgen de Chirajara near Guayabetal (just after shrine towards Villavicencio),;;220;4,265;-73,7974
Colombia;Cundinamarca;Virgen de Chirajara near Guayabetal (just before shrine towards Villavicencio, lower site),;;221;4,265;-73,7974
Colombia;Cundinamarca;Virgen de Chirajara near Guayabetal U (just before shrine towards Villavicencio, upper site),;;222;4,265;-73,7974
Colombia;Santander;Virolin;;;6,10222222222;-73,2186111111
Finland;Uusimaa;Voiaskintie, Ulrikasund;;;60,433844;25,323725
Panamá;Chiriquí;Volcan Baru, slopes of,;;223;8,8155;-82,5419
India;Telangana;Warangal;;;17,967892;79,598473
;;Western Australia;;;0;0
Ecuador;Napo;Wild Sumaco;;;-0,67145;-77,59865
Ecuador;Napo;Wild Sumaco Hummingbird Trail;;;0;0
Ecuador;Napo;Y de Misahuallí;;296;-1,061383333;-77,66843333
Ecuador;Pastaza;Y de Taculín;;297;-1,503183333;-77,83758333
Ecuador;Morona-Santiago;Yakunk-Cutucu trail, lower ridge;;15;-2,761;-78,161
Ecuador;Morona-Santiago;Yakunk-Cutucu trail, river camp;;9;-2,7518;-78,3183
Ecuador;Loja;Yambala Rio ECD LO;;244;-4,2667;-79,1917
Ecuador;Loja;Yambala Rio u Solamaco las Palmas ECD LO;;245;-4,25;-79,1667
Ecuador;Napo;Yanayacu Research Station;;;-0,36;-77,53
Ecuador;Loja;Yangana, Rio Chiriguaña;;41;-4,3567;-79,1667
Ecuador;Orellana;Yarina, Rio Manduro, Rio Napo;;26;-0,4767;-76,9833
Ecuador;Orellana;Yarina, Rio Manduro, Rio Napo(Napo	Ecuador);;;-0,4767;-76,9833
Ecuador;Orellana;Yasuni national park, 37 km;;224;0;0
Ecuador;Orellana;Yasuni National Park, 47 km;;225;0;0
Ecuador;Orellana;Yasuni Research Station,;;226;-0,6743;-76,3971
;;Yauco;;;0;0
India;Maharashtra;Yavatmal;;;20,388882;78,119188
Panamá;Darién;Yaviza;;300;8,15602;-77,69308
Colombia;Valle del Cauca;Yotoco;;;3,866519;-76,38343
Colombia;Valle del Cauca;Yotoco (just outside the reserve),;;227;3,8889;-76,433
Ecuador;Napo;Yutzupino 6.3 km;;;-1,066;-77,8353
Ecuador;Zamora-Chinchipe;Zamora,;;228;-4,0653;-78,9587
Ecuador;Zamora-Chinchipe;Zamora, Romerillos Guard Station PNP;;229;0;0
Ecuador;Zamora-Chinchipe;Zamora-Chinchipe;;326;-4,021667;-79,013611
;;Zamora-Chinchipe;;;0;0
;;Zekari Pass, Borjomi-Kharagauli National Park;;;0;0
Georgia;Imereti;Zekari Pass, Borjomi-Kharagauli National Park;;;41,83177;42,83855